,name,sites
0,Aaal,CGGCCG
1,Aagl,ATCGAT
2,Aanl,TTATAA
3,Aarl,CACCTGC
4,Aasl,GAC......GTC
5,Aatl,AGGCCT
6,Aatll,GACGTC
7,Aaul,TGTACA
8,Abal,TGATCA
9,Abel,CCTCAGC
10,Abrl,CTCGAG
11,Absl,CCTCGAGG
12,Accll,CGCG
13,Acclll,TCCGGA
14,Acc16l,TGCGCA
15,Acc36l,ACCTGC
16,Acc65l,GGTACC
17,Acc113l,AGTACT
18,AccB7l,CCA.....TGG
19,AccBSl,CCGCTC
20,AccEBl,GGATCC
21,Acell,GCTAGC
22,Acelll,CAGCTC
23,Acil,CCGC
24,AcII,AACGTT
25,AcINl,ACTAGT
26,AcIWl,GGATC
27,Acpl,TTCGAA
28,Acpll,CCA.....TGG
29,Acrll,GGT.ACC
30,Acul,CTGAAG
31,Acvl,CACGTG
32,Adel,CAC...GTG
33,Afal,GTAC
34,Afa16Rl,CGATCG
35,Afa22Ml,CGATCG
36,Afel,AGCGCT
37,Afil,CC.......GG
38,Aflll,CTTAAG
39,Agel,ACCGGT
40,Ahalll,TTTAAA
41,AhaB8l,GGTACC
42,Ahdl,GAC.....GTC
43,Ahll,ACTAGT
44,Ahyl,CCCGGG
45,Aitl,AGCGCT
46,Ajil,CACGTC
47,Ajol,CTGCAG
48,Ajul,GAA.......TTGG
49,Alel,CAC....GTG
50,Alfl,GCA......TGC
51,Alil,GGATCC
52,AliAJl,CTGCAG
53,Alol,GAAC......TCC
54,Alul,AGCT
55,Alwl,GGATC
56,Alw26l,GTCTC
57,Alw44l,GTGCAC
58,AlwXl,GCAGC
59,AmaCSl,GCTCCA
60,Aocl,CCT.AGG
61,Aor13Hl,TCCGGA
62,Aor51Hl,AGCGCT
63,Aosl,TGCGCA
64,Apal,GGGCCC
65,ApaBl,GCA.....TG
66,ApaCl,GGATCC
67,ApaLl,GTGCAC
68,Apil,CTGCAG
69,Apll,CTGCAG
70,ApyPl,ATCGAC
71,Aqull,GCCG.AC
72,Aqulll,GAGGAG
73,Ascl,GGCGCGCC
74,Asel,ATTAAT
75,Asil,GGATCC
76,AsiAl,ACCGGT
77,AsiSl,GCGATCGC
78,Asi256l,GATC
79,Asi372l,ATGCAT
80,Asnl,ATTAAT
81,Aspl,GAC...GTC
82,Asp10Hl,TTCGAA
83,Asp10Hll,CCA.....TGG
84,Asp26Hl,GAATGC
85,Asp27Hl,GAATGC
86,Asp35Hl,GAATGC
87,Asp36Hl,GAATGC
88,Asp40Hl,GAATGC
89,Asp50Hl,GAATGC
90,Asp700l,GAA....TTC
91,Asp713l,CTGCAG
92,Aasp718l,GGTACC
93,AspAl,GGT.ACC
94,AspA2l,CCTAGG
95,AspEl,GAC.....GTC
96,AspLEl,GCGC
97,AspMl,AGGCCT
98,AspMDl,GATC
99,AspNl,GG..CC
100,AspS9l,GG.CC
101,Assl,AGTACT
102,Asul,GG.CC
103,Asull,TTCGAA
104,AsuHPl,GGTGA
105,AsuNHl,GCTAGC
106,Atsl,GAC...GTC
107,Avcl,GG.CC
108,Avill,TGCGCA
109,Avrll,CCTAGG
110,AvrBll,CCTAGG
111,Axyl,CCT.AGG
112,Bac36l,GG.CC
113,Ball,TGGCCA
114,Bal228l,GG.CC
115,BamHl,GGATCC
116,Banlll,ATCGAT
117,BanAl,GGCC
118,Basl,CCA.....TGG
119,Baul,CACGAG
120,Bavl,CAGCTG
121,BavAl,CAGCTG
122,BavAll,GG.CC
123,BavBl,CAGCTG
124,BavBll,GG.CC
125,BavCl,ATCGAT
126,Bbel,GGCGCC
127,Bbi24l,ACGCGT
128,Bbrl,AAGCTT
129,Bbr7l,GAAGAC
130,BbrPl,CACGTG
131,Bbsl,GAAGAC
132,Bbul,GCATGC
133,Bbvl,GCAGC
134,Bbvll,GAAGAC
135,Bbv16ll,GAAGAC
136,BbvAl,GAA....TTC
137,BbvAll,ATCGAT
138,BbvAlll,TCCGGA
139,BbvCl,CCTCAGC
140,Bccl,CCATC
141,Bce4l,GC.......GC
142,Bce22l,GG.CC
143,Bce83l,CTTGAG
144,Bce243l,GATC
145,Bce751l,GGATCC
146,BceAl,ACGGC
147,BceBl,CGCG
148,BceCl,GC.......GC
149,Bcefl,ACGGC
150,Bcgl,CGA......TGC
151,Bci29l,ATCGAT
152,BciBl,ATCGAT
153,BciVl,GTATCC
154,Bcll,TGATCA
155,Bcml,ATCGAT
156,Bco5l,CTCTTC
157,Bco27l,CCGG
158,Bco116l,CTCTTC
159,BcoAl,CACGTG
160,BcoKl,CTCTTC
161,Bcul,ACTAGT
162,Bdil,ATCGAT
163,BecAll,GGCC
164,Bepl,CGCG
165,Bfal,CTAG
166,Bfil,ACTGGG
167,Bfi57l,GATC
168,Bfll,CC.......GG
169,Bfrl,CTTAAG
170,BfrBl,ATGCAT
171,Bful,GTATCC
172,BfuAl,ACCTGC
173,BfuCl,GATC
174,Bgll,GCC.....GGC
175,Bglll,AGATCT
176,Biml,TTCGAA
177,Bim19l,TTCGAA
178,Bim19ll,GGCC
179,Binl,GGATC
180,Blfl,TCCGGA
181,Bli41l,ATCGAT
182,Bli86l,ATCGAT
183,Bli736l,GGTCTC
184,BliAl,ATCGAT
185,BliHKl,CCT.AGG
186,BliRl,ATCGAT
187,Blnl,CCTAGG
188,BloHll,CTGCAG
189,Blpl,GCT.AGC
190,Blul,CTCGAG
191,Bme12l,GATC
192,Bme36ll,GGCC
193,Bme585l,CCCGC
194,Bme1390l,CC.GG
195,BmgBl,CACGTC
196,Bmrl,ACTGGG
197,Bmtl,GCTAGC
198,Bnal,GGATCC
199,Boxl,GAC....GTC
200,Bpil,GAAGAC
201,Bpll,GAG.....CTC
202,Bpml,CTGGAG
203,BpoAl,ATTAAT
204,Bpu10l,CCT.AGC
205,Bpu14l,TTCGAA
206,Bpu95l,CGCG
207,Bpu1102l,GCT.AGC
208,BpuAl,GAAGAC
209,BpuAml,GAGCTC
210,BpuB5l,CGTACG
211,BpuDl,CCT.AGC
212,BpuEl,CTTGAG
213,BpuJl,CCCGT
214,BpuSl,GGGAC
215,Bsal,GGTCTC
216,Bsa29l,ATCGAT
217,BsaBl,GAT....ATC
218,BsaJl,CC..GG
219,BsaMl,GAATGC
220,BsaXl,AC.....CTCC
221,Bscl,ATCGAT
222,Bsc4l,CC.......GG
223,Bsc91l,GAAGAC
224,Bsc107l,CC.......GG
225,BscAl,GCATC
226,BscBl,GG..CC
227,BscCl,GAATGC
228,BscFl,GATC
229,Bse1l,ACTGG
230,Bse8l,GAT....ATC
231,Bse21l,CCT.AGG
232,Bse64l,GGT.ACC
233,BseAl,TCCGGA
234,BseCl,ATCGAT
235,BseDl,CC..GG
236,Bse3Dl,GCAATG
237,BseGl,GGATG
238,BseJl,GAT....ATC
239,BseKl,GCAGC
240,BseLl,CC.......GG
241,BseMl,GCAATG
242,BseMll,CTCAG
243,BseNl,ACTGG
244,BsePl,GCGCGC
245,BseQl,GGCC
246,BseRl,GAGGAG
247,BseT9l,GGT.ACC
248,BseT10l,GGT.ACC
249,BseXl,GCAGC
250,BseX3l,CGGCCG
251,BseYl,CCCAGC
252,BseZl,CTCTTC
253,Bsgl,GTGCAG
254,Bshl,GGCC
255,Bsh1236l,CGCG
256,Bsh1365l,GAT....ATC
257,BshFl,GGCC
258,BshKl,GG.CC
259,BshTl,ACCGGT
260,Bsil,CACGAG
261,BsiBl,GAT....ATC
262,BsiCl,TTCGAA
263,BsiKl,GGT.ACC
264,BsiMl,TCCGGA
265,BsiQl,TGATCA
266,BsiSl,CCGG
267,BsiWl,CGTACG
268,BsiXl,ATCGAT
269,BsiYl,CC.......GG
270,BsiZl,GG.CC
271,Bsll,CC.......GG
272,BslFl,GGGAC
273,Bsml,GAATGC
274,BsmAl,GTCTC
275,BsmBl,CGTCTC
276,BsmFl,GGGAC
277,Bso31l,GGTCTC
278,BsoFl,GC.GC
279,BsoMAl,GTCTC
280,Bsp6l,GC.GC
281,Bsp13l,TCCGGA
282,Bsp19l,CCATGG
283,Bsp24l,GAC......TGG
284,Bsp50l,CGCG
285,Bsp63l,CTGCAG
286,Bsp67l,GATC
287,Bsp68l,TCGCGA
288,Bsp98l,GGATCC
289,Bsp105l,GATC
290,Bsp106l,ATCGAT
291,Bsp119l,TTCGAA
292,Bsp120l,GGGCCC
293,Bsp123l,CGCG
294,Bsp143l,GATC
295,Bsp211l,GGCC
296,Bsp423l,GCAGC
297,Bsp1407l,TGTACA
298,Bsp1720l,GCT.AGC
299,Bsp1894l,GG.CC
300,Bsp2095l,GATC
301,Bsp4009l,GGATCC
302,BspAl,GATC
303,BspA2l,CCTAGG
304,Bsp153Al,CAGCTG
305,BspAAl,CTCGAG
306,BspAAll,TCTAGA
307,BspAAlll,GGATCC
308,BspANl,GGCC
309,BspBl,CTGCAG
310,BspBll,GG.CC
311,BspBRl,GGCC
312,BspBS31l,GAAGAC
313,BspCl,CGATCG
314,BspCNl,CTCAG
315,BspDl,ATCGAT
316,BspD6l,GACTC
317,BspEl,TCCGGA
318,BspFl,GATC
319,BspF4l,GG.CC
320,BspHl,TCATGA
321,BsplS4l,GAAGAC
322,BspJl,GATC
323,BspJll,ATCGAT
324,BspKl,GGCC
325,BspKT5l,CTGAAG
326,BspKT6l,GATC
327,BspKT8l,AAGCTT
328,BspLl,GG..CC
329,BspLAl,GCGC
330,BspLAll,TTCGAA
331,BspLAlll,AAGCTT
332,BspLU11l,ACATGT
333,BspLU11lll,GGGAC
334,BspMl,ACCTGC
335,BspMll,TCCGGA
336,BspM39l,CAGCTG
337,BspM90l,GTATAC
338,BspMAl,CTGCAG
339,BspMKl,GTCGAC
340,BspO4l,CAGCTG
341,BspOVl,GAC.....GTC
342,BspOVll,ATCGAT
343,BspPl,GGATC
344,BspRl,GGCC
345,BspR7l,CCT.AGG
346,BspST5l,GCATC
347,BspTl,CTTAAG
348,BspT104l,TTCGAA
349,BspTNl,GGTCTC
350,BspTS514l,GAAGAC
351,BspWl,GC.......GC
352,BspXl,ATCGAT
353,BspXll,TGATCA
354,BspZEl,ATCGAT
355,Bsrl,ACTGG
356,BsrBl,CCGCTC
357,BsrBRl,GAT....ATC
358,BsrDl,GCAATG
359,BsrGl,TGTACA
360,BsrSl,ACTGG
361,BssECl,CC..GG
362,BssHl,CTCGAG
363,BssHll,GCGCGC
364,BsslMl,GGGTC
365,BssKl,CC.GG
366,BssNAl,GTATAC
367,BssSl,CACGAG
368,Bstl,GGATCC
369,Bst6l,CTCTTC
370,Bst11l,ACTGG
371,Bst12l,GCAGC
372,Bst19l,GCATC
373,Bst19ll,GATC
374,Bst28l,ATCGAT
375,Bst40l,CCGG
376,Bst71l,GCAGC
377,Bst98l,CTTAAG
378,Bst1107l,GTATAC
379,BstAPl,GCA.....TGC
380,BstAUl,TGTACA
381,BstBl,TTCGAA
382,Bst2Bl,CACGAG
383,BstBSl,GTATAC
384,BstBS32l,GAAGAC
385,BstBZ153l,GCGCGC
386,Bst4Cl,AC.GT
387,BstC8l,GC..GC
388,BstD102l,CCGCTC
389,BstDEl,CT.AG
390,BstEll,GGT.ACC
391,BstENl,CCT.....AGG
392,BstENll,GATC
393,BstEZ359l,GTTAAC
394,BstFl,AAGCTT
395,BstF5l,GGATG
396,BstFNl,CGCG
397,BstFZ438l,CCCGC
398,BstGZ53l,CGTCTC
399,BstH9l,GGATC
400,BstHHl,GCGC
401,BstHPl,GTTAAC
402,BstHZ55l,CCA......TGG
403,BstZ316l,CAC...GTG
404,BstJZ301l,CT.AG
405,BstKTl,GATC
406,BstMAl,GTCTC
407,BstMBl,GATC
408,BstMWl,GC.......GC
409,BstMZ611l,CC.GG
410,Bst31Nl,CCGCTC
411,BstNZ169l,ATCGAT
412,BstOZ616l,GGGAC
413,BstPl,GGT.ACC
414,BstPAl,GAC....GTC
415,BstPZ418l,GGATG
416,BstPZ740l,CTTAAG
417,BstRZ246l,ATTTAAAT
418,BstSCl,CC.GG
419,BstSNl,TACGTA
420,BstSWl,ATTTAAAT
421,BstT7l,TGATCA
422,BstT9l,GGT.ACC
423,BstT10l,GGT.ACC
424,Bst31Tl,GGATC
425,BstTS5l,GAAGAC
426,BstUl,CGCG
427,BstVl,CTCGAG
428,BstV1l,GCAGC
429,BstV2l,GAAGAC
430,BstXl,CCA......TGG
431,BstZl,CGGCCG
432,BstZ17l,GTATAC
433,Bsu6l,CTCTTC
434,Bsu15l,ATCGAT
435,Bsu23l,TCCGGA
436,Bsu36l,CCT.AGG
437,Bsu54l,GG.CC
438,Bsu1532l,CGCG
439,BsuBl,CTGCAG
440,BsuFl,CCGG
441,BsuMl,CTCGAG
442,BsuRl,GGCC
443,BsuTUl,ATCGAT
444,Btel,GGCC
445,BtgZl,GCGATG
446,BthCl,GC.GC
447,Btkl,CGCG
448,Btkll,GATC
449,Btrl,CACGTC
450,Btsl,GCAGTG
451,Bvel,ACCTGC
452,BvuBl,CGTACG
453,Cacl,GATC
454,Cac8l,GC..GC
455,Cail,CAG...CTG
456,CauB3l,TCCGGA
457,Cbil,TTCGAA
458,Cbol,CCGG
459,CciNl,GCGGCCGC
460,Ccol,GCCGGC
461,Ccrl,CTCGAG
462,Ccul,GG.CC
463,Ccyl,GATC
464,Cdil,CATCG
465,Cell,GGATCC
466,Celll,GCT.AGC
467,Ceql,GATATC
468,Cfll,CTGCAG
469,Cfol,GCGC
470,Cfr6l,CAGCTG
471,Cfr9l,CCCGGG
472,Cfr13l,GG.CC
473,Cfr42l,CCGCGG
474,CfrA4l,CTGCAG
475,CfrJ4l,CCCGGG
476,Cful,GATC
477,Cfull,CTGCAG
478,Chal,GATC
479,Cjel,CCA......GT
480,CjePl,CCA.......TC
481,Clal,ATCGAT
482,Cltl,GGCC
483,Cpfl,GATC
484,Cscl,CCGCGG
485,CsiAl,ACCGGT
486,CsiBl,GCGGCCGC
487,Csp6l,GTAC
488,Csp45l,TTCGAA
489,CspAl,ACCGGT
490,CspBl,GCGGCCGC
491,CspCl,CAA.....GTGG
492,Csp68Kll,TTCGAA
493,Csp68Klll,ATGCAT
494,Csp68KVl,CGCG
495,CspKVl,CGCG
496,Cstl,CTGCAG
497,CstMl,AAGGAG
498,CviAl,GATC
499,CviAll,CATG
500,CviBl,GA.TC
501,CviQl,GTAC
502,CviRl,TGCA
503,CviRll,GTAC
504,Cvnl,CCT.AGG
505,Ddel,CT.AG
506,Dmal,CAGCTG
507,Dpal,AGTACT
508,Dpnl,GATC
509,Dpnll,GATC
510,Dral,TTTAAA
511,Dralll,CAC...GTG
512,Drdl,GAC......GTC
513,Dril,GAC.....GTC
514,Dsall,GGCC
515,DsaV,CC.GG
516,DseDl,GAC......GTC
517,Eacl,GGATC
518,Eae46l,CCGCGG
519,EaeAl,CCCGGG
520,Eagl,CGGCCG
521,EagBl,CGATCG
522,Eam1104l,CTCTTC
523,Eam1105l,GAC.....GTC
524,Earl,CTCTTC
525,Ecal,GGT.ACC
526,Ecil,GGCGGA
527,Eci125l,GGT.ACC
528,Ecll,CAGCTG
529,Ecl136ll,GAGCTC
530,EclHKl,GAC.....GTC
531,EclRl,CCCGGG
532,EclXl,CGGCCG
533,Ecl18kl,CC.GG
534,Ecl37kl,CTGCAG
535,Ecl2zl,CTGCAG
536,Eco31l,GGTCTC
537,Eco32l,GATATC
538,Eco47ll,AGCGCT
539,Eco52l,CGGCCG
540,Eco56l,GCCGGC
541,Eco57l,CTGAAG
542,Eco72l,CACGTG
543,Eco78l,GGCGCC
544,Eco81l,CCT.AGG
545,Eco91l,GGT.ACC
546,Eco105l,TACGTA
547,Eco147l,AGGCCT
548,Eco255l,AGTACT
549,EcoA4l,GGTCTC
550,EcoHl,CC.GG
551,EcolCRl,GAGCTC
552,EcoNl,CCT.....AGG
553,EcoO44l,GGTCTC
554,EcoO65l,GGT.ACC
555,EcoO128l,GGT.ACC
556,EcoP15l,CAGCAG
557,EcoRl,GAATTC
558,EcoRV,GATATC
559,EcoT22l,ATGCAT
560,EcoVlll,AAGCTT
561,Eco13kl,CC.GG
562,Eco21kl,CC.GG
563,Eco29kl,CCGCGG
564,Eco53kl,GAGCTC
565,Eco137kl,CC.GG
566,Egel,GGCGCC
567,Ehel,GGCGCC
568,ErhB9l,CGATCG
569,EsaBC3l,TCGA
570,EsaBC4l,GGCC
571,Espl,GCT.AGC
572,Esp3l,CGTCTC
573,Esp4l,CTTAAG
574,Esp1396l,CCA.....TGG
575,Fall,AAG.....CTT
576,Falll,CGCG
577,Faql,GGGAC
578,Fatl,CATG
579,Faul,CCCGC
580,FauBll,CGCG
581,FauNDl,CATATG
582,Fbal,TGATCA
583,Fbrl,GC.GC
584,Fdill,TGCGCA
585,Fgol,CTAG
586,Fmul,GG.CC
587,FnuAl,GA.TC
588,FnuCl,GATC
589,FnuDl,GGCC
590,FnuDll,CGCG
591,FnuDlll,GCGC
592,FnuEl,GATC
593,Fnu4Hl,GC.GC
594,Fokl,GGATG
595,Fsel,GGCCGGCC
596,Fspl,TGCGCA
597,Fspll,TTCGAA
598,FspBl,CTAG
599,Fsp4Hl,GC.GC
600,Funl,AGCGCT
601,Funll,GAATTC
602,Gall,CCGCGG
603,Gcel,CCGCGG
604,GceGLl,CCGCGG
605,Gdil,AGGCCT
606,Gstl,GGATCC
607,Gsul,CTGGAG
608,Hacl,GATC
609,Haelll,GGCC
610,Hall,GAATTC
611,Halll,CTGCAG
612,Hapll,CCGG
613,HgiClll,GTCGAC
614,HgiDll,GTCGAC
615,Hhal,GCGC
616,Hhall,GA.TC
617,Hin1ll,CATG
618,Hin2l,CCGG
619,Hin6l,GCGC
620,HinP1l,GCGC
621,Hindlll,AAGCTT
622,Hinfl,GA.TC
623,Hjal,GATATC
624,Hpal,GTTAAC
625,Hpall,CCGG
626,Hphl,GGTGA
627,Hpy8l,GT..AC
628,Hpy178lll,TC..GA
629,Hpy188l,TC.GA
630,Hpy188lll,TC..GA
631,HpyAV,CCTTC
632,HpyBl,GTAC
633,HpyBll,GT..AC
634,HpyCl,GATATC
635,HpyC1l,CCATC
636,HpyCH4l,CATG
637,HpyCH4lll,AC.GT
638,HpyCH4lV,ACGT
639,HpyCH4V,TGCA
640,HpyF10Vl,GC.......GC
641,HpyF44lll,TGCA
642,Hsol,GCGC
643,Hsp92ll,CATG
644,HspAl,GCGC
645,Hsul,AAGCTT
646,Ital,GC.GC
647,Kasl,GGCGCC
648,Kpnl,GGTACC
649,Kpnl2l,TCCGGA
650,Kpn378l,CCGCGG
651,Kpn2kl,CC.GG
652,Kp....9kl,GAATTC
653,Kspl,CCGCGG
654,Ksp22l,TGATCA
655,Ksp632l,CTCTTC
656,KspAl,GTTAAC
657,Kzo9l,GATC
658,Lcal,ATCGAT
659,LlaAl,GATC
660,LlaCl,AAGCTT
661,LlaG2l,GCTAGC
662,Lmu60l,CCT.AGG
663,Lpll,ATCGAT
664,Lspl,TTCGAA
665,Lwel,GCATC
666,Mael,CTAG
667,Maell,ACGT
668,Maelll,GT.AC
669,MaeK81l,CGTACG
670,MaeK81ll,GG.CC
671,Maml,GAT....ATC
672,Mavl,CTCGAG
673,Mbil,CCGCTC
674,Mbol,GATC
675,Mboll,GAAGA
676,Mchl,GGCGCC
677,MchAl,GCGGCCGC
678,MchAll,GGCC
679,Mfel,CAATTG
680,MfoAl,GGCC
681,Mgol,GATC
682,MhaAl,CTGCAG
683,MkrAl,GATC
684,Mlal,TTCGAA
685,MlaAl,CTCGAG
686,Mlsl,TGGCCA
687,Mltl,AGCT
688,Mlul,ACGCGT
689,Mlu23l,GGATCC
690,Mlu31l,TGGCCA
691,MluB2l,TCGCGA
692,MluNl,TGGCCA
693,Mlyl,GAGTC
694,Mly113l,GGCGCC
695,Mnll,CCTC
696,Mnol,CCGG
697,Mph1103l,ATGCAT
698,Mrol,TCCGGA
699,MroNl,GCCGGC
700,MroXl,GAA....TTC
701,Mscl,TGGCCA
702,Msel,TTAA
703,Mspl,CCGG
704,Msp20l,TGGCCA
705,Msp67l,CC.GG
706,MspCl,CTTAAG
707,MspR9l,CC.GG
708,MspSWl,ATTTAAAT
709,Mssl,GTTTAAAC
710,Mstl,TGCGCA
711,Mstll,CCT.AGG
712,MthZl,CTAG
713,Munl,CAATTG
714,Mva1269l,GAATGC
715,Mvnl,CGCG
716,Mvrl,CGATCG
717,Mwol,GC.......GC
718,Mxal,GAGCTC
719,Nael,GCCGGC
720,Narl,GGCGCC
721,Nbll,CGATCG
722,Ncol,CCATGG
723,Ncrl,AGATCT
724,Ncul,GAAGA
725,Ndal,GGCGCC
726,Ndel,CATATG
727,Ndell,GATC
728,NgoAlll,CCGCGG
729,NgoAlV,GCCGGC
730,NgoMlV,GCCGGC
731,NgoPll,GGCC
732,NgoPlll,CCGCGG
733,Nhel,GCTAGC
734,Nlall,GATC
735,Nlalll,CATG
736,NlalV,GG..CC
737,NmeCl,GATC
738,NmeRl,CAGCTG
739,Nopl,GTCGAC
740,Notl,GCGGCCGC
741,Nphl,GATC
742,Nrul,TCGCGA
743,NruGl,GAC.....GTC
744,Nsbl,TGCGCA
745,Nsil,ATGCAT
746,NsiCl,GATATC
747,NsplV,GG.CC
748,NspV,TTCGAA
749,Nsp7121l,GG.CC
750,Nsp29132ll,GGATCC
751,NspLKl,GGCC
752,NspMACl,AGATCT
753,NspSAll,GGT.ACC
754,NspSAlV,GGATCC
755,Nunll,GGCGCC
756,OkrAl,GGATCC
757,Olil,CAC....GTG
758,OxaNl,CCT.AGG
759,Pabl,GTAC
760,Pacl,TTAATTAA
761,Pac25l,CCCGGG
762,Pael,GCATGC
763,PaeAl,CCGCGG
764,PaeBl,CCCGGG
765,PaeHll,CTGCAG
766,PaeQl,CCGCGG
767,PaeR7l,CTCGAG
768,Pae2kl,AGATCT
769,Pae5kl,CCGCGG
770,Pae14kl,CCGCGG
771,Pae17kl,CAGCTG
772,Pae18kl,AGATCT
773,Pagl,TCATGA
774,Pall,GGCC
775,Paml,TGCGCA
776,Panl,CTCGAG
777,Paul,GCGCGC
778,PauAll,TTTAAA
779,Pcel,AGGCCT
780,Pcil,ACATGT
781,Pctl,GAATGC
782,Pde12l,GG.CC
783,Pde133l,GGCC
784,Pde137l,CCGG
785,Pdil,GCCGGC
786,Pdml,GAA....TTC
787,PfaAll,CATATG
788,PfaAlll,GCATGC
789,Pfl8l,GGATCC
790,Pfl2l,CTGCAG
791,Pfl23ll,CGTACG
792,PflBl,CCA.....TGG
793,PflFl,GAC...GTC
794,PflKl,GGCC
795,PflMl,CCA.....TGG
796,Pfol,TCC.GGA
797,Pgal,ATCGAT
798,Phal,GCATC
799,Phol,GGCC
800,PinAl,ACCGGT
801,PinBl,ATGCAT
802,PinBll,TCCGGA
803,Plal,GGCC
804,Plall,TTCGAA
805,PlaAll,GTAC
806,Plel,GAGTC
807,Ple19l,CGATCG
808,PmaCl,CACGTG
809,Pmel,GTTTAAAC
810,Pme55l,AGGCCT
811,Pmll,CACGTG
812,Povll,CAGCTG
813,PpaAl,TTCGAA
814,PpaAll,TCGA
815,Ppel,GGGCCC
816,Ppil,GAAC.....CTC
817,Ppsl,GAGTC
818,Ppu10l,ATGCAT
819,Ppu111l,GAATTC
820,ppuAl,CGTACG
821,PshAl,GAC....GTC
822,PshBl,ATTAAT
823,Psil,TTATAA
824,Pso23l,CTGCAG
825,Psp1406l,AACGTT
826,PspAl,CCCGGG
827,PspALl,CCCGGG
828,Psp124Bl,GAGCTC
829,PspCl,CACGTG
830,PspEl,GGT.ACC
831,PspLl,CGTACG
832,Psp....l,GG..CC
833,PspOMl,GGGCCC
834,PspPl,GG.CC
835,Psrl,GAAC......TAC
836,Pstl,CTGCAG
837,PstNHl,GCTAGC
838,Psu161l,CGATCG
839,Psyl,GAC...GTC
840,Ptal,TCCGGA
841,Pun14627l,TGCGCA
842,Pun14627ll,CAGCTG
843,Pvul,CGATCG
844,Pvull,CAGCTG
845,Pvu84ll,CAGCTG
846,RalF40l,GATC
847,Rcal,TCATGA
848,RflFl,GTCGAC
849,RflFll,AGTACT
850,RleAl,CCCACA
851,Rmal,CTAG
852,Rme21l,ATCGAT
853,Rsal,GTAC
854,Rshl,CGATCG
855,RspLKl,GCATGC
856,RspLKll,GGATCC
857,RspXl,TCATGA
858,Rsrl,GAATTC
859,Rtrl,GTCGAC
860,Rtr63l,GTCGAC
861,Sacl,GAGCTC
862,Sacll,CCGCGG
863,Sall,GTCGAC
864,SalPl,CTGCAG
865,Sapl,GCTCTTC
866,Sarl,AGGCCT
867,Satl,GC.GC
868,Saul,CCT.AGG
869,Sau96l,GG.CC
870,Sau3239l,CTCGAG
871,Sau3Al,GATC
872,SauBMKl,GCCGGC
873,SauHPl,GCCGGC
874,SauLPl,GCCGGC
875,SauLPl,CTCGAG
876,SauMl,GATC
877,SauNl,GCCGGC
878,SauSl,GCCGGC
879,Sbfl,CCTGCAGG
880,Sbi68l,CTCGAG
881,Sbo13l,TCGCGA
882,Sbvl,GGCC
883,Scal,AGTACT
884,Scelll,GCCGGC
885,Schl,GAGTC
886,SchZl,CCGCGG
887,Scil,CTCGAG
888,SciNl,GCGC
889,ScrFl,CC.GG
890,Sdal,CCTGCAGG
891,Sdil,GGCC.....GGCC
892,Secl,CC..GG
893,Sell,CGCG
894,SenPT16l,CGGCCG
895,SenPT14bl,CCGCGG
896,Sepl,ATGCAT
897,SexBl,CCGCGG
898,SexCl,CCGCGG
899,Sfal,GGCC
900,SfaNl,GCATC
901,Sfil,GGCC.....GGCC
902,Sfll,CTGCAG
903,Sfol,GGCGCC
904,Sfr274l,CTCGAG
905,Sfr303l,CCGCGG
906,Sful,TTCGAA
907,Sgfl,GCGATCGC
908,SgrBl,CCGCGG
909,Siml,GGGTC
910,Slal,CTCGAG
911,Slu1777l,GCCGGC
912,Smal,CCCGGG
913,Smil,ATTTAAAT
914,Smul,CCCGC
915,SnaBl,TACGTA
916,Snol,GTGCAC
917,Soll,GGATCC
918,Sol10179l,CTCGAG
919,SpaHl,GCATGC
920,Spel,ACTAGT
921,Sphl,GCATGC
922,Spll,CGTACG
923,Spml,ATCGAT
924,Spol,TCGCGA
925,Spul,CCGCGG
926,Srfl,GCCCGGGC
927,Srll,GCCGGC
928,Srl5Dl,CTGCAG
929,Srl32Dll,GAATTC
930,Srl55Dl,GAATTC
931,Srul,TTTAAA
932,Sru4Dl,ATTAAT
933,Sru30Dl,AGGCCT
934,Ssbl,AAGCTT
935,SscL1l,GA.TC
936,Sse9l,AATT
937,Sse232l,CGCCGGCG
938,Sse8387l,CCTGCAGG
939,SseAl,GGCGCC
940,SseBl,AGGCCT
941,SshAl,CCT.AGG
942,Ssil,CCGC
943,SsiAl,GATC
944,SsiBl,GATC
945,Ssol,GAATTC
946,Ssoll,CC.GG
947,Sspl,AATATT
948,Ssp1l,TTCGAA
949,Ssp4800l,TGTACA
950,Ssp5230l,GACGTC
951,Ssp27144l,ATCGAT
952,SspBl,TGTACA
953,SspCl,GCCGGC
954,SspD5l,GGTGA
955,SspD5ll,ATGCAT
956,SspRFl,TTCGAA
957,Ssrl,GTTAAC
958,Sstl,GAGCTC
959,Sstll,CCGCGG
960,Sst12l,CTGCAG
961,Stel,AGGCCT
962,Sthl,GGTACC
963,Sth132l,CCCG
964,Sth134l,CCGG
965,Sth368l,GATC
966,Strl,CTCGAG
967,Stsl,GGATG
968,Stul,AGGCCT
969,StyD4l,CC.GG
970,Sual,GGCC
971,Sunl,CGTACG
972,Surl,GGATCC
973,Svil,TTCGAA
974,Swal,ATTTAAAT
975,Taal,AC.GT
976,Tail,ACGT
977,Taql,TCGA
978,Taqll,GACCGA
979,Tasl,AATT
980,Tell,GAC...GTC
981,Thal,CGCG
982,Tlil,CTCGAG
983,Tru1l,TTAA
984,Tru9l,TTAA
985,Tscl,ACGT
986,Tsp1l,ACTGG
987,Tsp32l,TCGA
988,Tsp32ll,TCGA
989,Tsp49l,ACGT
990,Tsp509l,AATT
991,Tsp4Cl,AC.GT
992,TspDTl,ATGAA
993,TspEl,AATT
994,Tsp8El,GCC.....GGC
995,TspGWl,ACGGA
996,TspMl,CCCGGG
997,Tth111l,GAC...GTC
998,TthHB8l,TCGA
999,Uba4009l,GGATCC
1000,Uba153Al,CAGCTG
1001,UbaM39l,CAGCTG
1002,Unbl,GG.CC
1003,Uur960l,GC.GC
1004,Van91l,CCA.....TGG
1005,Vha464l,CTTAAG
1006,Vnel,GTGCAC
1007,VpaK32l,GCTCTTC
1008,Vspl,ATTAAT
1009,Xagl,CCT.....AGG
1010,Xbal,TCTAGA
1011,Xcal,GTATAC
1012,Xcil,GTCGAC
1013,Xcml,CCA.........TGG
1014,Xcyl,CCCGGG
1015,Xhol,CTCGAG
1016,Xmal,CCCGGG
1017,Xmalll,CGGCCG
1018,XmaCl,CCCGGG
1019,XmaJl,CCTAGG
1020,Xmnl,GAA....TTC
1021,Xorll,CGATCG
1022,Xpal,CTCGAG
1023,Xspl,CTAG
1024,Yenl,CTGCAG
1025,Zhol,ATCGAT
1026,Zral,GACGTC
1027,Zrml,AGTACT
1028,Zsp2l,ATGCAT
